Workbook

Sheet 说明
A1: 2026 第九届传智杯 · AI大模型创新应用挑战赛 —— 评审自检清单（模板 v1.0）
B3: 一、使用说明
B4: 模板声明 | C4: 本工作簿为非官方整理模板，按已确认的官方提交要求设计；与官方通知冲突时以官方通知为准。
B5: 用途 | C5: 把评分细则拆成可勾选条目，覆盖文档 / 视频 / 仓库 / 在线演示 / 决赛答辩，用于提交前自查与证据归档。
B6: 使用步骤 | C6: ① 在“评分自检”逐条判定状态；② 填入证据链接/位置；③ 在“提交物核对”核对四类交付物；④ “分值汇总”自动计算完成度；⑤ 提交前清空“退件风险”所有未完成项。
B7: 状态说明 | C7: 未开始 / 进行中 / 已完成 / 不通过 / 不适用（下拉选择；已完成=有证据支撑）。
B8: 填写原则 | C8: 每条“已完成”必须能在“证据链接/位置”列定位到具体文件、章节、时间码或截图，禁止只写“已完成”。
B9: 分值口径 | C9: 评分自检合计 100 分，严格对应官方权重：技术深度 35 + 场景创新 25 + 工程质量 10 + 实用性 10 + UI/UX 10 + 学术价值 10。
B10: 决赛部分 | C10: 决赛答辩占决赛成绩 30%，单独列在“决赛答辩准备”工作表，不计入本表 100 分。
B11: 分值校验 | C11: 设计值：45 个条目，合计 100 分（脚本生成时已校验：六大维度分别为 35/25/10/10/10/10）。
B12: 维护建议 | C12: 每完成一个模块更新一次；正式提交前截图存档，作为《提交材料总清单》的附件。
B14: 二、官方评分权重
A15: 序号 | B15: 评分维度 | C15: 权重 | D15: 对应模块/证据 | E15: 备注
A16: 1 | B16: Agent 与大模型技术深度 | C16: 35% | D16: M1–M6，重点 M2/M5 | E16: 技术文档第 4 章、评测报告、Prompt 审计
A17: 2 | B17: 科研场景创新性 | C17: 25% | D17: M2/M3/M5/M6 | E17: 创新点清单、真实任务闭环
A18: 3 | B18: 全栈工程质量 | C18: 10% | D18: 全部 | E18: 仓库、CI、测试、Docker
A19: 4 | B19: 科研实用性与业务闭环 | C19: 10% | D19: M1→M2→M5→M6 | E19: 端到端演示、示例数据
A20: 5 | B20: 学术级 UI/UX | C20: 10% | D20: M3/M6 | E20: 版式阅读器、写作工作台
A21: 6 | B21: 学术价值与应用广度 | C21: 10% | D21: M4/M5 | E21: 综述成果、扩展场景
A22: — | B22: 决赛答辩（占决赛 30%） | C22: 30%（决赛） | D22: 代码架构、Prompt 审计、现场 Demo | E22: 见“决赛答辩准备”表
B24: 三、工作表导航
B25: 评分自检 | C25: 45 条评分细则，按维度拆分为可勾选条目，含分值与自查要点
B26: 分值汇总 | C26: 按维度统计完成条目数、已完成分值、完成率（公式自动计算）
B27: 提交物核对 | C27: 仓库 / README / Git / 视频 / 文档 / 在线演示 / 账号 逐项核对
B28: 官方要求对照 | C28: 官方要求要点 → 对应交付物 → 落地位置 的映射表
B29: 决赛答辩准备 | C29: 代码架构讲解、Prompt 审计记录、现场 Demo、Q&A 预案
B30: 退件风险 | C30: 常见退件/扣分原因与规避动作，提交前逐项清零

Sheet 评分自检
A1: 评分自检 · 45 个可勾选条目（合计 100 分，严格对应官方权重）
A2: 序号 | B2: 评分维度 | C2: 权重 | D2: 条目编号 | E2: 核查条目 | F2: 分值 | G2: 自查要点（可勾选） | H2: 状态 | I2: 证据链接 / 位置 | J2: 负责人 | K2: 自查日期 | L2: 备注 / 改进项
A3: 1 | B3: Agent 与大模型技术深度 | C3: 35% | D3: A1 | E3: 大模型选型有明确对比理由 | F3: 3 | G3: 对比 >=2 个候选模型，说明效果/成本/中文能力/时延/上下文长度权衡，并给出最终选择依据 | H3: 已通过 | I3: 技术文档 3.4 技术选型表；docs/competition/prompt-audit.md | J3: 陈晓乐（自检） | K3: 3 | L3: 对比 DeepSeek-V3 / Qwen2.5-7B 的引用合规差异，并记录选择理由
A4: 2 | B4: Agent 与大模型技术深度 | C4: 35% | D4: A2 | E4: Embedding 与向量库选型有依据 | F4: 3 | G4: 说明向量模型（中文语义/多语言/维度）与向量库（过滤检索/payload/部署成本）选择理由 | H4: 已通过 | I4: 技术文档 4.2；migration 0016 | J4: 陈晓乐（自检） | K4: 3 | L4: bge-m3 1024 维、halfvec+HNSW、混维度过滤
A5: 3 | B5: Agent 与大模型技术深度 | C5: 35% | D5: A3 | E5: RAG 链路完整且可解释 | F5: 4 | G5: 解析→分块→混合检索→重排→生成→溯源全链路有设计说明，关键参数有取值依据 | H5: 已通过 | I5: 技术文档 3.2/4.3；README 数据流 | J5: 陈晓乐（自检） | K5: 4 | L5: 上传→解析→检索→上下文→生成→引用全链路可解释
A6: 4 | B6: Agent 与大模型技术深度 | C6: 35% | D6: A4 | E6: 分块与语义去重策略有实验对比 | F6: 3 | G6: 给出分块大小/重叠/语义去重 v1→v7 的迭代记录与量化效果（重复率、召回率） | H6: 已通过 | I6: 技术文档 4.3.5/4.3.6 + 评测报告 §6；检索期去重 A/B（1→0）+ 上传 SimHash 去重（v7→v1 distance=6）+ 版本差异摘要；单测 dedupe/fingerprint | J6: 陈晓乐（自检） | K6: 3 | L6: 阈值 0.85（检索）/14（指纹）与归一化方式已写入文档；更大评测集待补
A7: 5 | B7: Agent 与大模型技术深度 | C7: 35% | D7: A5 | E7: 抗幻觉机制可验证 | F7: 4 | G7: 引用约束 Prompt + 无依据拒答 + 逐句引用校验；能现场演示 1 个拒答/纠错案例 | H7: 已通过 | I7: 技术文档 4.5；grounding 事件实测 | J7: 陈晓乐（自检） | K7: 4 | L7: 提示词+规则 grounding+无证据拒答 三道闸门，可现场演示
A8: 6 | B8: Agent 与大模型技术深度 | C8: 35% | D8: A6 | E8: 多篇对比问答的跨文档对齐清晰 | F8: 3 | G8: 说明多文档证据如何对齐、冲突如何处理、对比结论如何附出处 | H8: 已通过 | I8: 多篇对比接口 POST /knowledge-bases/{id}/compare + KB 页面对照表面板；技术文档 5.7；实测 1599 字对照表 + 8 条引用 | J8: 陈晓乐（自检） | K8: 3 | L8: 证据充分时生成对照表；证据不足走固定说明（技术文档 5.7）
A9: 7 | B9: Agent 与大模型技术深度 | C9: 35% | D9: A7 | E9: Agent 编排有工程实现 | F9: 4 | G9: 意图识别/工具调用/多步状态管理/失败重试可演示，说明与纯 Prompt 方案的差异 | H9: 已通过 | I9: 技术文档 4.6；Agent 执行轨迹页面 | J9: 陈晓乐（自检） | K9: 4 | L9: Eino ADK + 工具注册表 + 轨迹落库 + 取消/恢复
A10: 8 | B10: Agent 与大模型技术深度 | C10: 35% | D10: A8 | E10: Prompt 工程可审计 | F10: 3 | G10: Prompt 版本化、场景清单、bad case 与修改记录（Prompt 审计记录表），可接受现场抽查 | H10: 已通过 | I10: docs/competition/prompt-audit.md | J10: 陈晓乐（自检） | K10: 3 | L10: 8 类 Prompt 的版本/原因/效果/代码位置全记录
A11: 9 | B11: Agent 与大模型技术深度 | C11: 35% | D11: A9 | E11: AI 效果评测方法与基线 | F11: 4 | G11: 有评测集、指标（检索 recall@k、引用准确率、幻觉率）与基线/消融对比结果 | H11: 已通过 | I11: 评测报告.md；仓库 docs/competition/eval/（hit@1 71.4%/hit@3 100%/MRR 0.833；引用页码 3/3） | J11: 陈晓乐（自检） | K11: 4 | L11: 评测集 7 条检索 + 3 条引用问答；脚本可复现；数据集规模为已知限制（技术文档 4.9/评测报告 4）
A12: 10 | B12: Agent 与大模型技术深度 | C12: 35% | D12: A10 | E12: 性能与成本优化有数据 | F12: 2 | G12: 缓存/并发/token 成本/首字时延优化有前后对比，给出长文档场景实测数字 | H12: 已通过 | I12: 技术文档 4.10 + 评测报告 §7；检索 avg 154ms/P95 178ms、解析耗时、token 用量与库规模；去重/缓存/上下文预算等优化 | J12: 陈晓乐（自检） | K12: 3 | L12: 单机数据；未做并发压测（已知限制）
A13: 11 | B13: Agent 与大模型技术深度 | C13: 35% | D13: A11 | E13: Bad case 记录与迭代闭环 | F13: 1 | G13: 文档中列出 >=3 个失败案例及改进措施，说明迭代前后效果变化 | H13: 已通过 | I13: 技术文档 4.1.3/9；DEV-LOG | J13: 陈晓乐（自检） | K13: 1 | L13: 真实 bad case：NUL 字节导致 541 页文档失败、3 分钟超时；修复并记录
A14: 12 | B14: Agent 与大模型技术深度 | C14: 35% | D14: A12 | E14: 架构描述与代码一致 | F14: 1 | G14: 技术文档架构图节点可在代码/目录中一一对应，答辩可走读关键文件 | H14: 已通过 | I14: 技术文档 3；docs/competition/README.md 架构图 vs 代码目录 | J14: 陈晓乐（自检） | K14: 1 | L14: 架构描述与仓库代码一致
... A47: 45 | B47: 学术价值与应用广度 | C47: 10% | D47: F6 | E47: 长期演进路线清晰 | F47: 1 | G47: roadmap 分阶段、目标可衡量，与当前版本衔接 | H47: 已通过 | I47: 技术文档 7.3；Roadmap 已更新（实体消歧、Future Work 自动挖掘、多用户推荐） | J47: 陈晓乐（自检） | K47: 1 | L47: 划词翻译/引用图谱/自动综述已从 Roadmap 落地

Sheet 分值汇总
A1: 分值汇总 · 完成度自动统计（公式随“评分自检”状态实时更新）
A2: 评分维度 | B2: 权重分值 | C2: 条目数 | D2: 已完成条目 | E2: 已完成分值 | F2: 完成率 | G2: 备注
A3: Agent 与大模型技术深度 | B3: 35 | C3: =COUNTIF('评分自检'!$B$3:$B$14,A3) | D3: =COUNTIFS('评分自检'!$B$3:$B$14,A3,'评分自检'!$H$3:$H$14,"已完成") | E3: =SUMIFS('评分自检'!$F$3:$F$14,'评分自检'!$B$3:$B$14,A3,'评分自检'!$H$3:$H$14,"已完成") | F3: =IFERROR(E3/B3,"") | G3: 【填写：主要缺口】
A4: 科研场景创新性 | B4: 25 | C4: =COUNTIF('评分自检'!$B$15:$B$22,A4) | D4: =COUNTIFS('评分自检'!$B$15:$B$22,A4,'评分自检'!$H$15:$H$22,"已完成") | E4: =SUMIFS('评分自检'!$F$15:$F$22,'评分自检'!$B$15:$B$22,A4,'评分自检'!$H$15:$H$22,"已完成") | F4: =IFERROR(E4/B4,"") | G4: 【填写：主要缺口】
A5: 全栈工程质量 | B5: 10 | C5: =COUNTIF('评分自检'!$B$23:$B$29,A5) | D5: =COUNTIFS('评分自检'!$B$23:$B$29,A5,'评分自检'!$H$23:$H$29,"已完成") | E5: =SUMIFS('评分自检'!$F$23:$F$29,'评分自检'!$B$23:$B$29,A5,'评分自检'!$H$23:$H$29,"已完成") | F5: =IFERROR(E5/B5,"") | G5: 【填写：主要缺口】
A6: 科研实用性与业务闭环 | B6: 10 | C6: =COUNTIF('评分自检'!$B$30:$B$35,A6) | D6: =COUNTIFS('评分自检'!$B$30:$B$35,A6,'评分自检'!$H$30:$H$35,"已完成") | E6: =SUMIFS('评分自检'!$F$30:$F$35,'评分自检'!$B$30:$B$35,A6,'评分自检'!$H$30:$H$35,"已完成") | F6: =IFERROR(E6/B6,"") | G6: 【填写：主要缺口】
A7: 学术级 UI/UX | B7: 10 | C7: =COUNTIF('评分自检'!$B$36:$B$41,A7) | D7: =COUNTIFS('评分自检'!$B$36:$B$41,A7,'评分自检'!$H$36:$H$41,"已完成") | E7: =SUMIFS('评分自检'!$F$36:$F$41,'评分自检'!$B$36:$B$41,A7,'评分自检'!$H$36:$H$41,"已完成") | F7: =IFERROR(E7/B7,"") | G7: 【填写：主要缺口】
A8: 学术价值与应用广度 | B8: 10 | C8: =COUNTIF('评分自检'!$B$42:$B$47,A8) | D8: =COUNTIFS('评分自检'!$B$42:$B$47,A8,'评分自检'!$H$42:$H$47,"已完成") | E8: =SUMIFS('评分自检'!$F$42:$F$47,'评分自检'!$B$42:$B$47,A8,'评分自检'!$H$42:$H$47,"已完成") | F8: =IFERROR(E8/B8,"") | G8: 【填写：主要缺口】
A9: 合计 | B9: =SUM(B3:B8) | C9: =SUM(C3:C8) | D9: =SUM(D3:D8) | E9: =SUM(E3:E8) | F9: =IFERROR(E9/B9,"") | G9: 目标：100 分全部完成
A11: 说明
A12: 1. 本表所有统计均为公式，修改“评分自检”的状态后自动刷新；如显示为 0，请按 F9 重算。
A13: 2. 权重合计必须为 100 分（B9），条目合计 45 条（C9），这是模板设计值。
A14: 3. “已完成分值”只统计状态为“已完成”的条目，用于估算当前可得分。
A15: 4. 建议每完成一个模块就更新一次，并在提交前导出 PDF 留档。

Sheet 提交物核对
A1: 提交物核对 · 仓库 / 视频 / 文档 / 在线演示（官方四类交付物）
A2: 序号 | B2: 类别 | C2: 提交物 / 检查项 | D2: 官方要求 | E2: 状态 | F2: 证据 / 链接 | G2: 负责人 | H2: 截止日期 | I2: 备注
A3: 1 | B3: 代码仓库 | C3: 仓库地址公开可访问 | D3: GitHub/Gitee，Public 或向评审开放访问权限 | E3: 未开始 | F3: 【填写：仓库链接】 | G3: 【姓名】 | H3: 【2026-11-16】
A4: 2 | B4: 代码仓库 | C4: 仓库结构与注释规范 | D4: 结构清晰、注释完善、遵循主流规范；README 含项目介绍/技术架构/安装运行/个人信息 | E4: 未开始 | F4: 【填写：README 链接】 | G4: 【姓名】 | H4: 【2026-11-16】
A5: 3 | B5: 代码仓库 | C5: Git 提交历史完整 | D5: 保留完整 Git 提交历史，可看到开发过程 | E5: 未开始 | F5: 【填写：Commit 列表截图】 | G5: 【姓名】 | H5: 【2026-11-16】
A6: 4 | B6: 代码仓库 | C6: 环境配置说明 | D6: 环境变量模板（.env.example）+ 依赖清单 + Docker 启动方式 | E6: 未开始 | F6: 【填写：.env.example / requirements.txt】 | G6: 【姓名】 | H6: 【2026-11-16】
A7: 5 | B7: 代码仓库 | C7: 敏感信息零泄露 | D7: API Key 等敏感信息只能走环境变量，仓库与历史中不得出现真实 Key | E7: 未开始 | F7: 【填写：gitleaks 扫描报告】 | G7: 【姓名】 | H7: 【2026-11-16】
A8: 6 | B8: 代码仓库 | C8: LICENSE 与第三方合规 | D8: 仓库根目录有 LICENSE，第三方依赖许可证已注明 | E8: 未开始 | F8: 【填写：LICENSE 文件】 | G8: 【姓名】 | H8: 【2026-11-16】
A9: 7 | B9: 演示视频 | C9: 时长 5–8 分钟 | D9: 成片时长落在 5–8 分钟区间，建议 6:30–7:30 | E9: 未开始 | F9: 【填写：视频链接/时长截图】 | G9: 【姓名】 | H9: 【2026-11-16】
A10: 8 | B10: 演示视频 | C10: 格式 MP4、分辨率 >=1080p | D10: MP4 封装，1920×1080 及以上，画面文字清晰 | E10: 未开始 | F10: 【填写：媒体信息截图】 | G10: 【姓名】 | H10: 【2026-11-16】
A11: 9 | B11: 演示视频 | C11: 普通话讲解、可配字幕 | D11: 讲解清晰，术语统一，建议全程中文字幕 | E11: 未开始 | F11: 【填写：字幕文件/成片】 | G11: 【姓名】 | H11: 【2026-11-16】
A12: 10 | B12: 演示视频 | C12: 内容含项目介绍/核心功能/AI 亮点 | D12: 三段结构完整，六大模块均有演示 | E12: 未开始 | F12: 【填写：视频脚本时间码对照】 | G12: 【姓名】 | H12: 【2026-11-16】
A13: 11 | B13: 演示视频 | C13: 链接可公开访问 | D13: 评审无需登录即可播放/下载，链接有效期覆盖评审期 | E13: 未开始 | F13: 【填写：无痕浏览器截图】 | G13: 【姓名】 | H13: 【2026-11-16】
A14: 12 | B14: 技术文档 | C14: PDF 格式且 <=30 页 | D14: 提交 PDF 版本，页数不超过 30 页 | E14: 未开始 | F14: 【填写：PDF 属性/页数截图】 | G14: 【姓名】 | H14: 【2026-11-16】
... A24: 22 | B24: 比赛流程 | C24: 提交回执与备份 | D24: 保留提交成功截图；本地/网盘各留一份完整备份 | E24: 未开始 | F24: 【填写：回执截图】 | G24: 【姓名】 | H24: 【2026-11-16】

Sheet 官方要求对照
A1: 官方要求对照 · 要求 → 交付物 → 落地位置（逐条可追溯）
A2: 序号 | B2: 官方要求（要点） | C2: 对应交付物 | D2: 落地位置（文件 / 章节 / 时间码） | E2: 证据建议 | F2: 状态 | G2: 证据链接 / 位置
A3: 1 | B3: 代码仓库 | C3: GitHub/Gitee，Public 或向评审开放访问权限 | D3: 仓库地址 | E3: 仓库 Settings 截图/评审账号 | F3: 未开始 | G3: 【填写：链接 / 截图】
A4: 2 | B4: 仓库结构 | C4: 结构清晰、注释完善、遵循主流规范 | D4: README 目录结构 / 技术文档第 3 章 | E4: 目录树截图 | F4: 未开始 | G4: 【填写：链接 / 截图】
A5: 3 | B5: README 内容 | C5: 项目介绍、技术架构、安装运行指南、团队（个人）信息 | D5: README.md | E5: README 链接 | F5: 未开始 | G5: 【填写：链接 / 截图】
A6: 4 | B6: Git 历史 | C6: 保留完整 Git 提交历史 | D6: 仓库 Commits 页 | E6: 提交记录截图/次数 | F6: 未开始 | G6: 【填写：链接 / 截图】
A7: 5 | B7: 环境配置 | C7: 环境变量模板 + 依赖清单；敏感信息只走环境变量 | D7: .env.example / requirements.txt / package.json | E7: 文件路径 | F7: 未开始 | G7: 【填写：链接 / 截图】
A8: 6 | B8: 演示视频 | C8: 5–8 分钟、MP4、>=1080p、普通话讲解、可配字幕 | D8: 演示视频脚本 + 成片 | E8: 视频链接/文件 | F8: 未开始 | G8: 【填写：链接 / 截图】
A9: 7 | B9: 视频内容 | C9: 项目介绍、核心功能演示、AI 技术亮点 | D9: 视频脚本 S1–S12 | E9: 时间码对照表 | F9: 未开始 | G9: 【填写：链接 / 截图】
A10: 8 | B10: 技术文档格式 | C10: PDF、<=30 页 | D10: 技术文档模板.docx → 导出 PDF | E10: PDF 页数 | F10: 未开始 | G10: 【填写：链接 / 截图】
A11: 9 | B11: 技术文档章节 | C11: 项目概述、需求分析、系统架构设计、AI 技术方案、核心功能实现、测试与部署、总结与展望 | D11: 技术文档第 1–7 章 | E11: 目录页截图 | F11: 未开始 | G11: 【填写：链接 / 截图】
A12: 10 | B12: 技术文档重点 | C12: AI 技术选型理由/集成方式/优化策略 | D12: 技术文档第 4 章 | E12: 章节页码 | F12: 未开始 | G12: 【填写：链接 / 截图】
A13: 11 | B13: 创新点 | C13: 明确列出技术创新点与应用创新点 | D13: 技术文档第 4.7/5.8/8 章 + README 第 10 节 | E13: 章节页码 | F13: 未开始 | G13: 【填写：链接 / 截图】
A14: 12 | B14: 在线演示 | C14: 公网可访问、评审期间保持可用 | D14: 在线演示地址 | E14: 访问截图 | F14: 未开始 | G14: 【填写：链接 / 截图】
... A17: 15 | B17: 截止时间 | C17: 2026-11-18 前完成作品提交 | D17: 提交材料总清单 | E17: 提交回执截图 | F17: 未开始 | G17: 【填写：链接 / 截图】

Sheet 决赛答辩准备
A1: 决赛答辩准备（决赛答辩占决赛成绩 30%：代码架构讲解 / Prompt 审计记录 / 现场 Demo）
A2: 序号 | B2: 环节 | C2: 官方要求 | D2: 准备内容 | E2: 完成标准 | F2: 状态 | G2: 证据 / 链接 | H2: 备注
A3: 1 | B3: 代码架构讲解（R1） | C3: 10–15 分钟内讲清整体架构、模块边界、关键实现与设计取舍 | D3: 准备 1 份 15 页以内答辩 PPT：架构图、核心链路图、关键代码片段、演示脚本 | E3: 能脱稿讲清 3 个关键设计决策 | F3: 未开始 | G3: 【填写：链接 / 文件】
A4: 2 | B4: Prompt 审计记录（R2） | C4: 展示 Prompt 版本、场景清单、典型 bad case 与改进效果 | D4: 从《Prompt 审计记录表》导出 8–12 条最有代表性的记录，准备现场抽查 | E4: 每条记录含版本/日期/前后对比 | F4: 未开始 | G4: 【填写：链接 / 文件】
A5: 3 | B5: 现场 Demo（R3） | C5: 在评审环境现场演示六大模块核心链路，失败可回滚 | D5: 准备在线环境+本地备用环境+录屏备用；演练 3 次，单步限时 | E5: 核心链路一次通过率 100% | F5: 未开始 | G5: 【填写：链接 / 文件】
A6: 4 | B6: 评分维度覆盖（R4） | C6: 答辩内容覆盖 35%/25%/10%/10%/10%/10% 全部维度 | D6: 按权重分配答辩时间，创新点与技术深度占比最高 | E6: 每个维度至少 1 页 PPT/1 个证据 | F6: 未开始 | G6: 【填写：链接 / 文件】
A7: 5 | B7: Q&A 预案（R5） | C7: 预判技术追问、创新性质疑、合规问题并准备答案 | D7: 整理 >=20 个高频问题与标准回答（含'为什么不用某方案'） | E7: 每题回答 <=90 秒且有证据 | F7: 未开始 | G7: 【填写：链接 / 文件】
A8: 6 | B8: 材料一致性（R6） | C8: README/技术文档/视频/PPT 中的名称、数字、模块编号完全一致 | D8: 建立数据口径表，统一所有对外数字（页数/准确率/用户数） | E8: 交叉核对 2 轮无冲突 | F8: 未开始 | G8: 【填写：链接 / 文件】

Sheet 退件风险
A1: 退件风险清单 · 提交前逐项清零
A2: 序号 | B2: 常见退件 / 扣分原因 | C2: 可能后果 | D2: 规避动作 | E2: 检查时点 | F2: 状态 | G2: 备注
A3: 1 | B3: 仓库为私有且未给评审授权 | C3: 评审无法查看代码，直接大幅扣分/退件 | D3: 提交前将仓库设为 Public，或提交评审账号并单独验证可访问 | E3: 提交前 1 天 | F3: 未开始
A4: 2 | B4: 视频超时或画质不足 | C4: 不符合 5–8 分钟/>=1080p 硬性要求，可能被判定不达标 | D4: 按 420 秒时间轴剪辑；导出后核对媒体信息 | E4: 录制前/导出后 | F4: 未开始
A5: 3 | B5: 视频链接失效或需登录 | C5: 评审无法播放，视频项 0 分 | D5: 网盘设为公开链接 + 平台上传双备份，提交后回归测试 | E5: 提交前 1 天 | F5: 未开始
A6: 4 | B6: 技术文档超过 30 页或章节缺失 | C6: 不符合格式要求，直接扣分 | D6: 导出 PDF 后数页数；对照官方 7 章节逐项打勾 | E6: 定稿前 | F6: 未开始
A7: 5 | B7: 在线演示打不开/账号登录失败 | C7: 在线演示项 0 分，且影响实用性评分 | D7: 提交前用无痕浏览器实测；准备只读账号与备用地址 | E7: 评审前/每日 | F7: 未开始
A8: 6 | B8: 真实 API Key 泄露在仓库 | C8: 安全合规问题，严重扣分 | D8: gitleaks 扫描历史；确认 .env 已忽略；必要时轮换 Key | E8: 提交前 | F8: 未开始
A9: 7 | B9: 大文件导致 clone 失败 | C9: 评审无法拉取仓库 | D9: 视频/PDF/模型走外部链接；清理历史大文件（git filter-repo） | E9: 提交前 | F9: 未开始
A10: 8 | B10: README 与实际作品不一致 | C10: 评审按 README 复现失败，扣工程质量分 | D10: 在干净环境按 README 全流程实测一遍 | E10: 提交前 2 天 | F10: 未开始
A11: 9 | B11: 缺少 LICENSE / 第三方合规说明 | C11: 主流规范扣分，答辩被追问 | D11: 补齐 LICENSE，生成依赖许可证清单并在文档注明 | E11: 定稿前 | F11: 未开始
A12: 10 | B12: 命名混乱、多版本混投 | C12: 评审拿错文件，影响体验 | D12: 统一命名规范，删除旧版本，提交前按总清单核对 | E12: 提交前 | F12: 未开始
A13: 11 | B13: 迟交/最后一天系统拥堵 | C13: 错过截止直接退件 | D13: 提前 3 天完成提交并保留回执截图 | E13: 11-16 前 | F13: 未开始
A14: 12 | B14: 演示数据含未授权论文/隐私 | C14: 版权与合规风险 | D14: 使用公开论文，脱敏真实信息，必要时打码 | E14: 录制前 | F14: 未开始
